"0","rm(list = ls())"
"0","## Load necessary packages"
"0","library(readxl)"
"0","library(writexl)"
"0","library(readr)"
"0","library(stringr)"
"0","library(dplyr)"
"0","library(tidyr)"
"0","library(ggplot2)"
"0","library(ComplexUpset)"
"0","library(kableExtra)"
"0","library(pheatmap)"
"0","library(RColorBrewer)"
"0","library(broom)"
"0","library(gg.gap)"
"0","library(ggpubr)"
"0","library(hrbrthemes)"
"0","library(viridis)"
"0","library(stringr)"
"0","library(ggrepel)"
"0","source(""scripts/whd_functions.R"")"
"0","## Global variables"
"0","# Matched sequence ids"
"0","st_aug <- c(""KRISP-0016"", ""KRISP-0017"", ""KRISP-0019"", ""KRISP-0055"", ""KRISP-0056"", ""KRISP-0057"", ""KRISP-0058"", ""KRISP-0058M"", ""KRISP-0066"", ""KRISP-0067"", ""KRISP-0112"", ""KRISP-0081"", ""KRISP-0084"", ""KRISP-0091"",""KRISP-0040"", ""KRISP-0088"", ""KRISP-0115"", ""KRISP-0089"", ""KRISP-0021"", ""KRISP-0113"")"
"0","## Mutation categories"
"0","mutation_cats <- c(""CH1_iSNV"", ""CH1_SNV"", ""CH3_iSNV"", ""CH3_SNV"")"
"0","## genome orde"
"0","c19_genes <- c(""ORF1ab"", ""S"",""ORF3a"",""E"",""M"",""ORF6"",""ORF7a"",""ORF7b"",""ORF8"",""N"",""ORF10"")"
"0","OutbreakPalleteNamed <- c(""#7CAE00"", ""#ff9900"", ""#6699CC"", ""#ff00ff"")"
"0","names(OutbreakPalleteNamed) <- mutation_cats"
"0","impactPalleteNamed <- c(""#ff3300"", ""#ff9900"", ""#6699CC"", ""#7CAE00"")"
"0","VarImpact <- c(""HIGH"", ""MODERATE"", ""LOW"", ""MODIFIER"")"
"0","names(impactPalleteNamed) <- VarImpact"
"0","genePallet <- c(ORF1ab = ""#C77CFF"", S = ""#7CAE00"", ORF3a = ""#ffcc66"", E =""#ff0033"", M = ""#ff9900"", ORF6 = ""#6699CC"", ORF7a = ""#993366"", ORF8 = ""#99ccff"", N = ""#ff33cc"", ORF10 =""#3B889F"")"
"0","orfPallet <- c(""5_UTR"" =""#999900"", NSP1 = ""#ff3300"", NSP2 = ""#ff9900"", NSP3 = ""#C77CFF"", NSP4 = ""#ffcc66"", NSP5 = ""#6699CC"", NSP6 = ""#336699"", NSP7 = ""#9933cc"", NSP8 = ""#99d8c9"", NSP9 = ""#009966"", NSP10 = ""#99ffff"", NSP11 =  ""#ff00ff"", NSP12 = ""#fa9fb5"", NSP13 = ""#fec44f"", NSP14 = ""#99ccff"",  NSP15 = ""#ff9900"", NSP16 = ""#f7fcb9"", S = ""#7CAE00"", ORF3a = ""#999966"", E = ""#ff0033"", M = ""#ff9900"", ORF6 = ""#ffff33"",  ORF7a = ""#993366"", ORF7b = ""#cc99cc"",  ORF8 = ""#663366"", N = ""#bcbddc"", ORF10 = ""#cc6666"", ""3_UTR"" = ""#006633"")"
